"","Reservoir Name","StaID","Capacity(AF)","Elevation(FT)","Storage(AF)","Storage Change(AF)","% of Capacity","Average Storage(AF)","% of Average","Outflow(CFS)","Inflow(CFS)","Storage-Year Ago This Date(AF)","River","STATION","ELEV(FEET)","LATITUDE","LONGITUDE","COUNTY","OPERATOR AGENCY"
"1","TRINITY LAKE","CLE","2,447,650","2,316.97","1,671,957","-1,642","68","1,476,999","113","935","149","1,795,154","TRINITY RIVER","TRINITY LAKE","2370","40.800999","-122.762001","TRINITY","US Bureau of Reclamation"
"2","WHISKEYTOWN","WHI","241,100","1,208.71","236,973","317","98","229,769","103","456","629","237,386","TRINITY RIVER","WHISKEYTOWN DAM (USBR)","1210","40.598000","-122.537003","SHASTA","US Bureau of Reclamation"
"3","LEWISTON","LEW","14,660","1,901.32","14,150","-97","97","14,130","100","994","949","13,925","TRINITY RIVER","LEWISTON","1870","40.727001","-122.792999","TRINITY","US Bureau of Reclamation"
"4","SONOMA(WARM SPRINGS)","WRS","381,000","445.74","231,271","-230","61","203,937","113","105","0","227,890","RUSSIAN RIVER","WARM SPRINGS (LAKE SONOMA)","440","38.723000","-123.010002","SONOMA","US Army Corps of Engineers"
"5","MENDOCINO (COYOTE)","COY","122,400","730.42","56,946","-321","47","55,657","102","194","44","66,204","RUSSIAN RIVER","COYOTE (LAKE MENDOCINO)","720","39.196999","-123.185997","MENDOCINO","US Army Corps of Engineers"
"6","SHASTA","SHA","4,552,000","979.98","2,415,648","-3,832","53","2,512,311","96","5,437","3,608","2,649,357","SACRAMENTO RIVER","SHASTA DAM  (USBR)","1067","40.717999","-122.419998","SHASTA","US Bureau of Reclamation"
"7","KESWICK","KES","23,772","582.64","21,068","-585","89","21,542","98","5,952","5,661","21,689","SACRAMENTO RIVER","KESWICK RESERVOIR","596","40.612103","-122.445702","SHASTA","US Bureau of Reclamation"
"8","OROVILLE","ORO","3,424,753","746.35","1,564,570","-5,500","46","1,888,396","83","6,099","3,498","1,963,526","FEATHER RIVER","OROVILLE DAM","900","39.540001","-121.492996","BUTTE","CA Dept of Water Resources/O&M Oroville Field Division"
"9","ANTELOPE","ANT","22,566","4,996.42","17,711","-33","78","17,435","102",NA,NA,"17,261","FEATHER RIVER","ANTELOPE LAKE","4960","40.180000","-120.607002","PLUMAS","CA Dept of Water Resources/O&M Oroville Field Division"
"10","FRENCHMAN","FRD","55,477","5,578.12","41,194","-39","74","30,773","134",NA,NA,"42,617","FEATHER RIVER","FRENCHMAN DAM","5517","39.882999","-120.182999","PLUMAS","CA Dept of Water Resources/O&M Oroville Field Division"
"11","LAKE DAVIS","DAV","83,000","5,770.61","67,685","-71","82","52,758","128",NA,NA,"65,909","FEATHER RIVER","LAKE DAVIS (DWR)","5768","39.882999","-120.467003","PLUMAS","CA Dept of Water Resources/O&M Oroville Field Division"
"12","BULLARDS BAR","BUL","966,000","1,890.49","684,072","-1,077","71","606,565","113","614","102","641,326","YUBA RIVER","NEW BULLARDS BAR","1965","39.393002","-121.139999","YUBA","Yuba Water Agency"
"13","ENGLEBRIGHT","ENG","70,000","524.79","68,178","-473","97","65,620","104","1,001","763","69,482","YUBA RIVER","ENGLEBRIGHT (USACE)","551","39.238998","-121.266998","NEVADA","US Army Corps of Engineers"
"14","FOLSOM","FOL","977,000","405.44","416,720","-991","43","476,348","87","2,035","1,616","442,707","AMERICAN RIVER","FOLSOM LAKE","466","38.682999","-121.182999","SACRAMENTO","US Bureau of Reclamation"
"15","UNION VALLEY","UNV","266,369","4,828.10","162,419","-1,494","61","163,716","99",NA,NA,"193,239","AMERICAN RIVER","UNION VALLEY","4870","38.863998","-120.438004","EL DORADO","Sacramento Municipal Utility District"
"16","LOON LAKE","LON","69,306","6,390.46","44,553","-46","64","42,434","105",NA,NA,"45,209","AMERICAN RIVER","LOON LAKE (SMUD)","6410","38.983002","-120.322998","EL DORADO","Sacramento Municipal Utility District"
"17","ICE HOUSE","ICH","43,496","5,430.78","31,473","-34","72","29,537","107",NA,"0","28,705","AMERICAN RIVER","ICE HOUSE (SMUD)","5454","38.824001","-120.359001","EL DORADO","Sacramento Municipal Utility District"
"18","NIMBUS","NAT","9,000","122.46","7,548","-36","84","7,930","95","1,803","1,789","7,575","AMERICAN RIVER","LAKE NATOMA  (NIMBUS DAM)","132","38.636147","-121.220039","SACRAMENTO","US Bureau of Reclamation"
"19","INDIAN VALLEY","INV","300,000","1,458.35","202,955","-66","68","120,160","169","11","-22","195,167","CACHE CREEK","INDIAN VALLEY","1502","39.083000","-122.532997","LAKE","Yolo County Flood Control and Water Consv Dist"
"20","BERRYESSA","BER","1,602,000","428.33","1,337,952","-710","84","1,155,736","116",NA,NA,"1,359,515","PUTAH CREEK","BERRYESSA","456","38.513000","-122.103996","NAPA","US Bureau of Reclamation"
"21","BLACK BUTTE","BLB","143,700","435.32","24,065","-793","17","39,070","62","347","-42","39,995","STONY CREEK","BLACK BUTTE","426","39.807999","-122.329002","TEHAMA","US Army Corps of Engineers"
"22","NEW HOGAN","NHG","317,000","667.29","155,301","-263","49","120,893","128","106","7","154,795","CALAVERAS RIVER","NEW HOGAN LAKE","554","38.152000","-120.811996","CALAVERAS","US Army Corps of Engineers"
"23","CAMANCHE","CMN","417,120","225.05","342,350",NA,"82","253,868","135","1,100","450","307,250","MOKELUMNE RIVER","CAMANCHE RESERVOIR","236","38.224998","-121.021004","SAN JOAQUIN","East Bay Municipal Utility District"
"24","PARDEE","PAR","203,795","559.01","185,103","-336","91","179,718","103",NA,NA,"192,064","MOKELUMNE RIVER","PARDEE","568","38.250000","-120.849998","CALAVERAS","East Bay Municipal Utility District"
"25","DONNELL'S","DON","64,320",NA,"19,845","-617","31","34,965","57","347",NA,"18,436","STANISLAUS RIVER","DONNELLS","4835","38.328999","-119.959999","TUOLUMNE","US Bureau of Reclamation"
"26","BEARDSLEY","BRD","97,800",NA,"60,104","-89","61","55,308","109","400",NA,"60,540","STANISLAUS RIVER","BEARDSLEY LAKE","3398","38.202999","-120.074997","TUOLUMNE","Oakdale South San Joaquin Irrigation District"
"27","TULLOCH","TUL","67,000","501.94","57,424","-1,562","86","59,499","97","1,468","694","60,329","STANISLAUS RIVER","TULLOCH","515","37.875000","-120.602997","CALAVERAS","US Bureau of Reclamation"
"28","NEW MELONES","NML","2,400,000","1,005.80","1,525,028","93","64","1,324,512","115","589","745","1,621,762","STANISLAUS RIVER","NEW MELONES RESERVOIR","1135","37.948101","-120.525002","CALAVERAS","US Bureau of Reclamation"
"29","DON PEDRO","DNP","2,030,000",NA,NA,NA,NA,"1,380,515",NA,NA,NA,"1,558,172","TUOLUMNE RIVER","DON PEDRO RESERVOIR","830","37.702000","-120.420998","TUOLUMNE","USGS/USACE"
"30","HETCH HETCHY","HTH","360,000",NA,"281,081","-724","78","280,511","100",NA,NA,"278,370","TUOLUMNE RIVER","HETCH HETCHY","3870","37.950001","-119.782997","TUOLUMNE","Hetch Hetchy Water and Power"
"31","CHERRY VALLEY","CHV","273,500",NA,"239,051","172","87","200,204","119",NA,NA,"245,227","TUOLUMNE RIVER","CHERRY VALLEY DAM","4765","37.966999","-119.917000","TUOLUMNE","Hetch Hetchy Water and Power"
"32","MC CLURE (EXCHEQUER)","EXC","1,024,600",NA,NA,"-1,652",NA,"485,846",NA,NA,NA,"626,453","MERCED RIVER","NEW EXCHEQUER-LK MCCLURE","879","37.584999","-120.269997","MARIPOSA","Merced Irrigation District"
"33","EASTMAN (BUCHANAN)","BUC","150,000","466.06","10,180","-10","7","47,578","21","0","-1","14,661","CHOWCHILLA RIVER","BUCHANAN DAM","450","37.213001","-119.970001","MADERA","US Army Corps of Engineers"
"34","HENSLEY (HIDDEN)","HID","90,000",NA,NA,NA,NA,"19,216",NA,"0",NA,"7,311","FRESNO RIVER","HIDDEN DAM (HENSLEY)","561","37.109558","-119.885254","MADERA","US Army Corps of Engineers"
"35","MILLERTON (FRIANT)","MIL","520,500","504.76","229,920","2,561","44","241,681","95","1,855","3,191","247,371","SAN JOAQUIN RIVER","FRIANT DAM (MILLERTON)","581","37.000999","-119.705002","FRESNO","US Bureau of Reclamation"
"36","LOS BANOS","LBS","34,600","296.00","8,315","0","24","18,613","45",NA,NA,"9,605","SAN JOAQUIN RIVER","LOS BANOS DAM","350","36.993999","-120.930000","MERCED","CA Dept of Water Resources/O&M San Luis Field Division"
"37","SAN LUIS","SNL","2,041,000","498.51","1,490,620","4,340","73","879,813","169",NA,NA,"1,100,651","SAN LUIS CREEK","SAN LUIS RESERVOIR","543","37.033001","-121.133003","MERCED","CA Dept of Water Resources/O&M San Luis Field Division"
"38","PINE FLAT","PNF","1,000,000","745.10","165,418","1,295","17","291,816","57","219","888","235,267","KINGS RIVER","PINE FLAT DAM","970","36.833000","-119.324997","FRESNO","US Army Corps of Engineers"
"39","KAWEAH (TERMINUS)","TRM","185,600","599.54","19,682","-19","11","11,013","179","53","49","14,991","KAWEAH RIVER","TERMINUS DAM","752","36.415001","-119.001999","TULARE","US Army Corps of Engineers"
"40","SUCCESS","SCC","82,300","594.39","9,107","-164","11","8,221","111","96","16","9,637","TULE RIVER","SUCCESS DAM","692","36.056667","-118.924164","TULARE","US Army Corps of Engineers"
"41","ISABELLA","ISB","568,000","2,556.16","145,727","-813","26","156,957","93","575","224","215,972","KERN RIVER","ISABELLA DAM","2635","35.646000","-118.473000","KERN","US Army Corps of Engineers"
"42","STAMPEDE","STP","226,500","5,921.10","143,032","-158","63","146,509","98","45","31","149,701","TRUCKEE RIVER","STAMPEDE","5956","39.471001","-120.102997","SIERRA","US Geological Survey"
"43","INDEPENDENCE LAKE","INP","17,295","6,945.99","15,216","-34","88","14,739","103",NA,NA,"16,010","TRUCKEE RIVER","INDEPENDENCE LAKE NEAR TRUCKEE","6921","39.452000","-120.290001","SIERRA","US Geological Survey"
"44","DONNER LAKE","DNN","9,700","5,932.86","7,033","-17","73","5,212","135",NA,NA,"7,233","TRUCKEE RIVER","DONNER LAKE","5945","39.322777","-120.264397","NEVADA","US Geological Survey"
"45","CACHUMA LAKE","CCH","193,305","743.06","164,072","-193","85","126,716","129","71","3","149,289","SANTA YNEZ RIVER","CACHUMA LAKE (BRADBURY DAM)","781","34.583000","-119.980003","SANTA BARBARA","US Bureau of Reclamation"
"46","PYRAMID","PYM","180,000","2,575.32","166,464","-166","92","163,913","102",NA,NA,"165,358","SOUTH COAST","PYRAMID","2606","34.644154","-118.764526","LOS ANGELES","CA Dept of Water Resources/O&M Southern Field Division"
"47","CASTAIC","CAS","325,000","1,504.45","300,621","449","92","263,669","114",NA,NA,"267,619","SOUTH COAST","CASTAIC","1535","34.515202","-118.610100","LOS ANGELES","CA Dept of Water Resources/O&M Southern Field Division"
"48","LAKE PERRIS","PRR","131,452","1,587.13","124,852","-23","95","93,459","134",NA,NA,"123,669","SOUTH COAST","PERRIS","1600","33.858002","-117.182999","RIVERSIDE","CA Dept of Water Resources/O&M Southern Field Division"
